{
    "fit_success": true,
    "Qi": {
        "__dtype__": "UFloat",
        "nominal_value": 24370.68167292108,
        "std_dev": 47080.59391866954
    },
    "Qe": {
        "__dtype__": "UFloat",
        "nominal_value": 764038.2761460296,
        "std_dev": 1082410.685809865
    },
    "Ql": {
        "__dtype__": "UFloat",
        "nominal_value": 24318.628255734213,
        "std_dev": 46922.83561959988
    },
    "Qc": {
        "__dtype__": "UFloat",
        "nominal_value": 11385641.519268328,
        "std_dev": 240366636.1430951
    },
    "fr": {
        "__dtype__": "UFloat",
        "nominal_value": 6743635869.573626,
        "std_dev": 267529.3207118858
    },
    "fit_msg": "Summary\n$Q_I$: 24$\\pm$47 k\n$Q_C$: 11.$\\pm$2.4e+02 M\n$f_{res}$: 6.74364$\\pm$0.00027 GHz",
    "fit_result": {
        "hanger_func_complex_SI": {
            "success": true,
            "message": "Fit succeeded.",
            "params": {
                "fr": {
                    "name": "fr",
                    "user_data": null,
                    "init_value": 6743240000.0,
                    "min": 6740000000.0,
                    "max": 6760000000.0,
                    "brute_step": null,
                    "vary": true,
                    "stderr": 267529.3207118858,
                    "correl": {
                        "Ql": 4.7097858656118816e-05,
                        "Qe": 0.001982668589399058,
                        "A": 0.22541065288719722,
                        "theta": -0.7324528660168024,
                        "phi_v": -0.06970809779090495,
                        "phi_0": 0.0696318620631693,
                        "alpha": 0.16822805661041915
                    },
                    "value": 6743635869.573626
                },
                "Ql": {
                    "name": "Ql",
                    "user_data": null,
                    "init_value": 4815.872638480058,
                    "min": 33.7162,
                    "max": 674324.0,
                    "brute_step": null,
                    "vary": true,
                    "stderr": 46922.83561959988,
                    "correl": {
                        "fr": 4.7097858656118816e-05,
                        "Qe": 0.732454750992656,
                        "A": -0.006263391391660324,
                        "theta": 0.001865418329329422,
                        "phi_v": 0.16818954658636814,
                        "phi_0": -0.1683100299276138,
                        "alpha": 0.06985636583611707
                    },
                    "value": 24318.628255734213
                },
                "Qe": {
                    "name": "Qe",
                    "user_data": null,
                    "init_value": 4720.5088238566905,
                    "min": 0,
                    "max": Infinity,
                    "brute_step": null,
                    "vary": true,
                    "stderr": 1082410.685809865,
                    "correl": {
                        "fr": 0.001982668589399058,
                        "Ql": 0.732454750992656,
                        "A": -0.0007072192546354301,
                        "theta": -7.276679288214277e-05,
                        "phi_v": 0.23476820110640195,
                        "phi_0": -0.23493515301277945,
                        "alpha": 0.10318543557355675
                    },
                    "value": 764038.2761460296
                },
                "A": {
                    "name": "A",
                    "user_data": null,
                    "init_value": 0.00035284104034951426,
                    "min": 0,
                    "max": Infinity,
                    "brute_step": null,
                    "vary": true,
                    "stderr": 2.3700037404503727e-06,
                    "correl": {
                        "fr": 0.22541065288719722,
                        "Ql": -0.006263391391660324,
                        "Qe": -0.0007072192546354301,
                        "theta": -0.30983846911043117,
                        "phi_v": -0.032063891214044064,
                        "phi_0": 0.032032535353800726,
                        "alpha": 0.7532906316434954
                    },
                    "value": 0.00034733013559162806
                },
                "theta": {
                    "name": "theta",
                    "user_data": null,
                    "init_value": 0,
                    "min": -1.5707963267948966,
                    "max": 1.5707963267948966,
                    "brute_step": null,
                    "vary": true,
                    "stderr": 1.4166951416396378,
                    "correl": {
                        "fr": -0.7324528660168024,
                        "Ql": 0.001865418329329422,
                        "Qe": -7.276679288214277e-05,
                        "A": -0.30983846911043117,
                        "phi_v": 0.10297405562408951,
                        "phi_0": -0.10287250317979685,
                        "alpha": -0.2348222037439165
                    },
                    "value": 1.5036404385447621
                },
                "phi_v": {
                    "name": "phi_v",
                    "user_data": null,
                    "init_value": 1.5810780890657127e-08,
                    "min": -Infinity,
                    "max": Infinity,
                    "brute_step": null,
                    "vary": true,
                    "stderr": 7.802429169202742e-10,
                    "correl": {
                        "fr": -0.06970809779090495,
                        "Ql": 0.16818954658636814,
                        "Qe": 0.23476820110640195,
                        "A": -0.032063891214044064,
                        "theta": 0.10297405562408951,
                        "phi_0": -0.9999996379110757,
                        "alpha": 3.954156275188762e-05
                    },
                    "value": 1.5021396196732024e-08
                },
                "phi_0": {
                    "name": "phi_0",
                    "user_data": null,
                    "init_value": -108.60559984774528,
                    "min": -Infinity,
                    "max": Infinity,
                    "brute_step": null,
                    "vary": true,
                    "stderr": 5.26680854063021,
                    "correl": {
                        "fr": 0.0696318620631693,
                        "Ql": -0.1683100299276138,
                        "Qe": -0.23493515301277945,
                        "A": 0.032032535353800726,
                        "theta": -0.10287250317979685,
                        "phi_v": -0.9999996379110757,
                        "alpha": -8.061694678198134e-05
                    },
                    "value": -103.80591615120866
                },
                "alpha": {
                    "name": "alpha",
                    "user_data": null,
                    "init_value": 0,
                    "min": -1,
                    "max": 1,
                    "brute_step": null,
                    "vary": true,
                    "stderr": 5.391068180800582,
                    "correl": {
                        "fr": 0.16822805661041915,
                        "Ql": 0.06985636583611707,
                        "Qe": 0.10318543557355675,
                        "A": 0.7532906316434954,
                        "theta": -0.2348222037439165,
                        "phi_v": 3.954156275188762e-05,
                        "phi_0": -8.061694678198134e-05
                    },
                    "value": 0.9999986790699631
                },
                "Qi": {
                    "name": "Qi",
                    "user_data": null,
                    "init_value": -238385.69560476101,
                    "min": -Infinity,
                    "max": Infinity,
                    "brute_step": null,
                    "vary": false,