{
    "fit_success": true,
    "t2_echo": {
        "__dtype__": "UFloat",
        "nominal_value": 2.2007876516738634e-06,
        "std_dev": 8.925017546104747e-06
    },
    "fit_msg": "Summary\n$T_{2,\\mathrm{Echo}}$: 2.2$\\pm$8.9 \u03bcs\namplitude: 5.7e+02$\\pm$2.2e+03 nV\noffset: 378.23$\\pm$0.16 \u03bcV",
    "fit_result": {
        "exp_decay_func": {
            "success": true,
            "message": "Fit succeeded.",
            "params": {
                "tau": {
                    "name": "tau",
                    "user_data": null,
                    "init_value": 1.5399999999999998e-05,
                    "min": 0,
                    "max": Infinity,
                    "brute_step": null,
                    "vary": true,
                    "stderr": 8.925017546104747e-06,
                    "correl": {
                        "amplitude": -0.8577526895005602,
                        "offset": -0.42378651253775573
                    },
                    "value": 2.2007876516738634e-06
                },
                "amplitude": {
                    "name": "amplitude",
                    "user_data": null,
                    "init_value": -4.366063763614294e-07,
                    "min": -Infinity,
                    "max": Infinity,
                    "brute_step": null,
                    "vary": true,
                    "stderr": 2.2047374097146153e-06,
                    "correl": {
                        "tau": -0.8577526895005602,
                        "offset": 0.18181266522860623
                    },
                    "value": 5.716233548139668e-07
                },
                "offset": {
                    "name": "offset",
                    "user_data": null,
                    "init_value": 0.0003804341401503782,
                    "min": -Infinity,
                    "max": Infinity,
                    "brute_step": null,
                    "vary": true,
                    "stderr": 1.621929062573315e-07,
                    "correl": {
                        "tau": -0.42378651253775573,
                        "amplitude": 0.18181266522860623
                    },
                    "value": 0.00037823148996635886
                },
                "n_factor": {
                    "name": "n_factor",
                    "user_data": null,
                    "init_value": 1,
                    "min": -Infinity,
                    "max": Infinity,
                    "brute_step": null,
                    "vary": false,
                    "stderr": 0.0,
                    "correl": null,
                    "value": 1
                }
            }
        }
    }
}