{
    "fit_success": true,
    "Qi": {
        "__dtype__": "UFloat",
        "nominal_value": 34.03577728605839,
        "std_dev": 835973.8910169558
    },
    "Qe": {
        "__dtype__": "UFloat",
        "nominal_value": 29184.136509187312,
        "std_dev": 2142413978.1091113
    },
    "Ql": {
        "__dtype__": "UFloat",
        "nominal_value": 34.035511546691254,
        "std_dev": 836033.7956757027
    },
    "Qc": {
        "__dtype__": "UFloat",
        "nominal_value": 4359252.8396510305,
        "std_dev": 26660142748762.668
    },
    "fr": {
        "__dtype__": "UFloat",
        "nominal_value": 6742194813.493374,
        "std_dev": 1375816539479.9473
    },
    "fit_msg": "Summary\n$Q_I$: 34.$\\pm$8.4e+05 \n$Q_C$: 4.4$\\pm$2.7e+07 M\n$f_{res}$: 6.7$\\pm$1.4e+03 GHz",
    "fit_result": {
        "hanger_func_complex_SI": {
            "success": true,
            "message": "Fit succeeded.",
            "params": {
                "fr": {
                    "name": "fr",
                    "user_data": null,
                    "init_value": 6741710000.0,
                    "min": 6740000000.0,
                    "max": 6760000000.0,
                    "brute_step": null,
                    "vary": true,
                    "stderr": 1375816539479.9473,
                    "correl": {
                        "Ql": 0.11441643847288219,
                        "Qe": 0.152739062588114,
                        "A": 0.999488610944862,
                        "theta": -0.9885231233645658,
                        "phi_v": -0.89660533130486,
                        "phi_0": 0.8744003997940458,
                        "alpha": 0.23843478385996267
                    },
                    "value": 6742194813.493374
                },
                "Ql": {
                    "name": "Ql",
                    "user_data": null,
                    "init_value": 4814.779946371091,
                    "min": 33.70855,
                    "max": 674171.0,
                    "brute_step": null,
                    "vary": true,
                    "stderr": 836033.7956757027,
                    "correl": {
                        "fr": 0.11441643847288219,
                        "Qe": 0.9991042187483172,
                        "A": 0.08319996744569322,
                        "theta": 0.03386449231063212,
                        "phi_v": 0.32836411853570935,
                        "phi_0": -0.3740003048104034,
                        "alpha": 0.9906926538494086
                    },
                    "value": 34.035511546691254
                },
                "Qe": {
                    "name": "Qe",
                    "user_data": null,
                    "init_value": 4719.437769215228,
                    "min": 0,
                    "max": Infinity,
                    "brute_step": null,
                    "vary": true,
                    "stderr": 2142413978.1091113,
                    "correl": {
                        "fr": 0.152739062588114,
                        "Ql": 0.9991042187483172,
                        "A": 0.12166758956663055,
                        "theta": -0.0047975059508738324,
                        "phi_v": 0.291963637107032,
                        "phi_0": -0.33823871679862905,
                        "alpha": 0.9955505690774045
                    },
                    "value": 29184.136509187312
                },
                "A": {
                    "name": "A",
                    "user_data": null,
                    "init_value": 0.00035775437267149176,
                    "min": 0,
                    "max": Infinity,
                    "brute_step": null,
                    "vary": true,
                    "stderr": 0.082944647393682,
                    "correl": {
                        "fr": 0.999488610944862,
                        "Ql": 0.08319996744569322,
                        "Qe": 0.12166758956663055,
                        "theta": -0.9928481750869289,
                        "phi_v": -0.9102994431353258,
                        "phi_0": 0.8894584185136231,
                        "alpha": 0.2079418106292429
                    },
                    "value": 0.00035276830932207126
                },
                "theta": {
                    "name": "theta",
                    "user_data": null,
                    "init_value": 0,
                    "min": -1.5707963267948966,
                    "max": 1.5707963267948966,
                    "brute_step": null,
                    "vary": true,
                    "stderr": 40943.84794990157,
                    "correl": {
                        "fr": -0.9885231233645658,
                        "Ql": 0.03386449231063212,
                        "Qe": -0.0047975059508738324,
                        "A": -0.9928481750869289,
                        "phi_v": 0.953174268984212,
                        "phi_0": -0.9376022182855599,
                        "alpha": -0.09246031709204705
                    },
                    "value": 1.5641015202325228
                },
                "phi_v": {
                    "name": "phi_v",
                    "user_data": null,
                    "init_value": 2.048061553043823e-08,
                    "min": -Infinity,
                    "max": Infinity,
                    "brute_step": null,
                    "vary": true,
                    "stderr": 1.6439771455918061e-07,
                    "correl": {
                        "fr": -0.89660533130486,
                        "Ql": 0.32836411853570935,
                        "Qe": 0.291963637107032,
                        "A": -0.9102994431353258,
                        "theta": 0.953174268984212,
                        "phi_0": -0.9988110951194923,
                        "alpha": 0.20697645111630777
                    },
                    "value": 2.320416529719547e-08
                },
                "phi_0": {
                    "name": "phi_0",
                    "user_data": null,
                    "init_value": -140.1039945571652,
                    "min": -Infinity,
                    "max": Infinity,
                    "brute_step": null,
                    "vary": true,
                    "stderr": 1125.1495178566709,
                    "correl": {
                        "fr": 0.8744003997940458,
                        "Ql": -0.3740003048104034,
                        "Qe": -0.33823871679862905,
                        "A": 0.8894584185136231,
                        "theta": -0.9376022182855599,
                        "phi_v": -0.9988110951194923,
                        "alpha": -0.25440622805657054
                    },
                    "value": -159.04170133339375
                },
                "alpha": {
                    "name": "alpha",
                    "user_data": null,
                    "init_value": 0,
                    "min": -1,
                    "max": 1,
                    "brute_step": null,
                    "vary": true,
                    "stderr": 2060.02148378112,
                    "correl": {
                        "fr": 0.23843478385996267,
                        "Ql": 0.9906926538494086,
                        "Qe": 0.9955505690774045,
                        "A": 0.2079418106292429,
                        "theta": -0.09246031709204705,
                        "phi_v": 0.20697645111630777,
                        "phi_0": -0.25440622805657054
                    },
                    "value": 0.9999982080171101
                },
                "Qi": {
                    "name": "Qi",
                    "user_data": null,
                    "init_value": -238331.60734536985,
                    "min": -Infinity,
                    "max": Infinity,
                    "brute_step": null,
                    "vary": false,
                    "stderr": 835973.8910169558,