{
    "fit_success": true,
    "Pi-pulse amplitude": {
        "__dtype__": "UFloat",
        "nominal_value": 0.045172869716640494,
        "std_dev": 0.0022164279440508843
    },
    "fit_msg": "Summary\nPi-pulse amplitude: 45.2$\\pm$2.2 mV\nOscillation amplitude: 4.5e+02$\\pm$2.5e+02 nV\nOffset: 376.09$\\pm$0.18 \u03bcV\n",
    "fit_result": {
        "Rabi_oscillation": {
            "success": true,
            "message": "Fit succeeded.",
            "params": {
                "frequency": {
                    "name": "frequency",
                    "user_data": null,
                    "init_value": 11.4,
                    "min": 0,
                    "max": Infinity,
                    "brute_step": null,
                    "vary": true,
                    "stderr": 0.543085564821915,
                    "correl": {
                        "amplitude": -0.04474192328535149,
                        "offset": 0.12865584292540924
                    },
                    "value": 11.068590575192374
                },
                "amplitude": {
                    "name": "amplitude",
                    "user_data": null,
                    "init_value": 1.538683118473556e-06,
                    "min": 0,
                    "max": Infinity,
                    "brute_step": null,
                    "vary": true,
                    "stderr": 2.522396204676822e-07,
                    "correl": {
                        "frequency": -0.04474192328535149,
                        "offset": -0.052902735036108546
                    },
                    "value": 4.4789668174338715e-07
                },
                "offset": {
                    "name": "offset",
                    "user_data": null,
                    "init_value": 0.00037610470922212476,
                    "min": -Infinity,
                    "max": Infinity,
                    "brute_step": null,
                    "vary": true,
                    "stderr": 1.7515549826214417e-07,
                    "correl": {
                        "frequency": 0.12865584292540924,
                        "amplitude": -0.052902735036108546
                    },
                    "value": 0.00037608998974336514
                },
                "phase": {
                    "name": "phase",
                    "user_data": null,
                    "init_value": 3.141592653589793,
                    "min": -Infinity,
                    "max": Infinity,
                    "brute_step": null,
                    "vary": false,
                    "stderr": 0.0,
                    "correl": null,
                    "value": 3.141592653589793
                },
                "amp180": {
                    "name": "amp180",
                    "user_data": null,
                    "init_value": 0.043859649122807015,
                    "min": -Infinity,
                    "max": Infinity,
                    "brute_step": null,
                    "vary": false,
                    "stderr": 0.0022164279440508843,
                    "correl": null,
                    "value": 0.045172869716640494
                }
            }
        }
    }
}