{
    "fit_success": true,
    "Qi": {
        "__dtype__": "UFloat",
        "nominal_value": -5940.099203890524,
        "std_dev": 3231.365355585706
    },
    "Qe": {
        "__dtype__": "UFloat",
        "nominal_value": 4140.789887742783,
        "std_dev": 1679.6014609029592
    },
    "Ql": {
        "__dtype__": "UFloat",
        "nominal_value": 20035.872478544272,
        "std_dev": 6906.32900178552
    },
    "Qc": {
        "__dtype__": "UFloat",
        "nominal_value": 4581.736984242712,
        "std_dev": 2056.3074960011436
    },
    "fr": {
        "__dtype__": "UFloat",
        "nominal_value": 6750830139.010973,
        "std_dev": 58067.864499683186
    },
    "fit_msg": "Summary\n$Q_I$: -5.9$\\pm$3.2 k\n$Q_C$: 4.6$\\pm$2.1 k\n$f_{res}$: 6.750830$\\pm$5.8e-05 GHz",
    "fit_result": {
        "hanger_func_complex_SI": {
            "success": true,
            "message": "Fit succeeded.",
            "params": {
                "fr": {
                    "name": "fr",
                    "user_data": null,
                    "init_value": 6751073578.595318,
                    "min": 6750000000.0,
                    "max": 6753000000.0,
                    "brute_step": null,
                    "vary": true,
                    "stderr": 58067.864499683186,
                    "correl": {
                        "Ql": 3.293691441448025e-05,
                        "Qe": 0.27088774359700296,
                        "A": 0.28228611231585365,
                        "theta": -0.3655979727572229,
                        "phi_v": 0.16352878418868244,
                        "phi_0": -0.1635503036591984,
                        "alpha": 0.4303342040449488
                    },
                    "value": 6750830139.010973
                },
                "Ql": {
                    "name": "Ql",
                    "user_data": null,
                    "init_value": 12428.20918726806,
                    "min": 225.03578595317728,
                    "max": 672857.0000280204,
                    "brute_step": null,
                    "vary": true,
                    "stderr": 6906.32900178552,
                    "correl": {
                        "fr": 3.293691441448025e-05,
                        "Qe": 0.365606920218743,
                        "A": -0.21421852264281455,
                        "theta": 0.27085498154031445,
                        "phi_v": 0.4304006055427667,
                        "phi_0": -0.43041376774895657,
                        "alpha": -0.16372103712600708
                    },
                    "value": 20035.872478544272
                },
                "Qe": {
                    "name": "Qe",
                    "user_data": null,
                    "init_value": 12182.106035044928,
                    "min": 0,
                    "max": Infinity,
                    "brute_step": null,
                    "vary": true,
                    "stderr": 1679.6014609029592,
                    "correl": {
                        "fr": 0.27088774359700296,
                        "Ql": 0.365606920218743,
                        "A": 0.7593295159198324,
                        "theta": 2.3076129484848557e-05,
                        "phi_v": 0.667486319959957,
                        "phi_0": -0.6674727114183814,
                        "alpha": 0.30608636118919613
                    },
                    "value": 4140.789887742783
                },
                "A": {
                    "name": "A",
                    "user_data": null,
                    "init_value": 0.0011882124515905797,
                    "min": 0,
                    "max": Infinity,
                    "brute_step": null,
                    "vary": true,
                    "stderr": 9.725349493578069e-05,
                    "correl": {
                        "fr": 0.28228611231585365,
                        "Ql": -0.21421852264281455,
                        "Qe": 0.7593295159198324,
                        "theta": -0.2176471521985265,
                        "phi_v": 0.38341321147415697,
                        "phi_0": -0.38338606839165046,
                        "alpha": 0.45770171375023644
                    },
                    "value": 0.00023974708698015768
                },
                "theta": {
                    "name": "theta",
                    "user_data": null,
                    "init_value": 0,
                    "min": -1.5707963267948966,
                    "max": 1.5707963267948966,
                    "brute_step": null,
                    "vary": true,
                    "stderr": 0.40554195105591523,
                    "correl": {
                        "fr": -0.3655979727572229,
                        "Ql": 0.27085498154031445,
                        "Qe": 2.3076129484848557e-05,
                        "A": -0.2176471521985265,
                        "phi_v": 0.30648833187846186,
                        "phi_0": -0.30658393247478727,
                        "alpha": -0.6676612377339568
                    },
                    "value": 0.4423228240924453
                },
                "phi_v": {
                    "name": "phi_v",
                    "user_data": null,
                    "init_value": 4.931422800965246e-06,
                    "min": -Infinity,
                    "max": Infinity,
                    "brute_step": null,
                    "vary": true,
                    "stderr": 3.890014227115753e-07,
                    "correl": {
                        "fr": 0.16352878418868244,
                        "Ql": 0.4304006055427667,
                        "Qe": 0.667486319959957,
                        "A": 0.38341321147415697,
                        "theta": 0.30648833187846186,
                        "phi_0": -0.9999999905736701,
                        "alpha": -0.0005370868950866023
                    },
                    "value": 4.904189906611308e-06
                },
                "phi_0": {
                    "name": "phi_0",
                    "user_data": null,
                    "init_value": -33288.85664384119,
                    "min": -Infinity,
                    "max": Infinity,
                    "brute_step": null,
                    "vary": true,
                    "stderr": 2626.2683229322743,
                    "correl": {
                        "fr": -0.1635503036591984,
                        "Ql": -0.43041376774895657,
                        "Qe": -0.6674727114183814,
                        "A": -0.38338606839165046,
                        "theta": -0.30658393247478727,
                        "phi_v": -0.9999999905736701,
                        "alpha": 0.0005963034670963651
                    },
                    "value": -33104.31962494531
                },
                "alpha": {
                    "name": "alpha",
                    "user_data": null,
                    "init_value": 0,
                    "min": -1,
                    "max": 1,
                    "brute_step": null,
                    "vary": true,
                    "stderr": 899.538307512711,
                    "correl": {
                        "fr": 0.4303342040449488,
                        "Ql": -0.16372103712600708,
                        "Qe": 0.30608636118919613,
                        "A": 0.45770171375023644,
                        "theta": -0.6676612377339568,
                        "phi_v": -0.0005370868950866023,
                        "phi_0": 0.0005963034670963651
                    },
                    "value": 0.9759938877853189
                },
                "Qi": {
                    "name": "Qi",
                    "user_data": null,
                    "init_value": -615196.3547697638,
                    "min": -Infinity,
                    "max": Infinity,
                    "brute_step": null,
                    "vary": false,