{
    "fit_success": true,
    "Qi": {
        "__dtype__": "UFloat",
        "nominal_value": 1746.5585189149128,
        "std_dev": 247.558910082074
    },
    "Qe": {
        "__dtype__": "UFloat",
        "nominal_value": 1228.4107924231384,
        "std_dev": 160.52157870160133
    },
    "Ql": {
        "__dtype__": "UFloat",
        "nominal_value": 894.0807323752464,
        "std_dev": 109.16482042556578
    },
    "Qc": {
        "__dtype__": "UFloat",
        "nominal_value": 1831.7947334044818,
        "std_dev": 356.67021274033414
    },
    "fr": {
        "__dtype__": "UFloat",
        "nominal_value": 6747900117.290932,
        "std_dev": 460598.38453206344
    },
    "fit_msg": "Summary\n$Q_I$: 1.75$\\pm$0.25 k\n$Q_C$: 1.83$\\pm$0.36 k\n$f_{res}$: 6.74790$\\pm$0.00046 GHz",
    "fit_result": {
        "hanger_func_complex_SI": {
            "success": true,
            "message": "Fit succeeded.",
            "params": {
                "fr": {
                    "name": "fr",
                    "user_data": null,
                    "init_value": 6751720000.0,
                    "min": 6740000000.0,
                    "max": 6760000000.0,
                    "brute_step": null,
                    "vary": true,
                    "stderr": 460598.38453206344,
                    "correl": {
                        "Ql": 0.0010114372363944398,
                        "Qe": 0.2677103233491957,
                        "A": 0.5268571815391858,
                        "theta": -0.904693750070017,
                        "phi_v": -0.29564623093262016,
                        "phi_0": 0.29478021507250074,
                        "alpha": 0.6561146326775577
                    },
                    "value": 6747900117.290932
                },
                "Ql": {
                    "name": "Ql",
                    "user_data": null,
                    "init_value": 4821.928866639566,
                    "min": 33.7586,
                    "max": 675172.0,
                    "brute_step": null,
                    "vary": true,
                    "stderr": 109.16482042556578,
                    "correl": {
                        "fr": 0.0010114372363944398,
                        "Qe": 0.9048594772853958,
                        "A": -0.6775676101701804,
                        "theta": 0.26617209277195786,
                        "phi_v": 0.6561429137474823,
                        "phi_0": -0.6566140639990036,
                        "alpha": 0.2972154280005519
                    },
                    "value": 894.0807323752464
                },
                "Qe": {
                    "name": "Qe",
                    "user_data": null,
                    "init_value": 4726.445126706109,
                    "min": 0,
                    "max": Infinity,
                    "brute_step": null,
                    "vary": true,
                    "stderr": 160.52157870160133,
                    "correl": {
                        "fr": 0.2677103233491957,
                        "Ql": 0.9048594772853958,
                        "A": -0.4868814241980269,
                        "theta": -0.0005713139211540651,
                        "phi_v": 0.598783408609128,
                        "phi_0": -0.5995383740237346,
                        "alpha": 0.561468975054163
                    },
                    "value": 1228.4107924231384
                },
                "A": {
                    "name": "A",
                    "user_data": null,
                    "init_value": 0.000810620990879317,
                    "min": 0,
                    "max": Infinity,
                    "brute_step": null,
                    "vary": true,
                    "stderr": 3.254291969677246e-05,
                    "correl": {
                        "fr": 0.5268571815391858,
                        "Ql": -0.6775676101701804,
                        "Qe": -0.4868814241980269,
                        "theta": -0.7569940846624339,
                        "phi_v": -0.7179139558366789,
                        "phi_0": 0.7177500054866884,
                        "alpha": 0.19214683498600288
                    },
                    "value": 0.0008032639480854975
                },
                "theta": {
                    "name": "theta",
                    "user_data": null,
                    "init_value": 0,
                    "min": -1.5707963267948966,
                    "max": 1.5707963267948966,
                    "brute_step": null,
                    "vary": true,
                    "stderr": 0.13055965496979835,
                    "correl": {
                        "fr": -0.904693750070017,
                        "Ql": 0.26617209277195786,
                        "Qe": -0.0005713139211540651,
                        "A": -0.7569940846624339,
                        "phi_v": 0.5604236853084135,
                        "phi_0": -0.5597219921679641,
                        "alpha": -0.5984276012931038
                    },
                    "value": 0.83577220932023
                },
                "phi_v": {
                    "name": "phi_v",
                    "user_data": null,
                    "init_value": 2.555557915746465e-07,
                    "min": -Infinity,
                    "max": Infinity,
                    "brute_step": null,
                    "vary": true,
                    "stderr": 5.0953768410762826e-09,
                    "correl": {
                        "fr": -0.29564623093262016,
                        "Ql": 0.6561429137474823,
                        "Qe": 0.598783408609128,
                        "A": -0.7179139558366789,
                        "theta": 0.5604236853084135,
                        "phi_0": -0.9999993325215866,
                        "alpha": 0.0008146879959557957
                    },
                    "value": 2.991317098215425e-07
                },
                "phi_0": {
                    "name": "phi_0",
                    "user_data": null,
                    "init_value": -1724.6362157434785,
                    "min": -Infinity,
                    "max": Infinity,
                    "brute_step": null,
                    "vary": true,
                    "stderr": 34.3909429304102,
                    "correl": {
                        "fr": 0.29478021507250074,
                        "Ql": -0.6566140639990036,
                        "Qe": -0.5995383740237346,
                        "A": 0.7177500054866884,
                        "theta": -0.5597219921679641,
                        "phi_v": -0.9999993325215866,
                        "alpha": -0.0016601916536609625
                    },
                    "value": -2018.416106700618
                },
                "alpha": {
                    "name": "alpha",
                    "user_data": null,
                    "init_value": 0,
                    "min": -1,
                    "max": 1,
                    "brute_step": null,
                    "vary": true,
                    "stderr": 34.42571549775674,
                    "correl": {
                        "fr": 0.6561146326775577,
                        "Ql": 0.2972154280005519,
                        "Qe": 0.561468975054163,
                        "A": 0.19214683498600288,
                        "theta": -0.5984276012931038,
                        "phi_v": 0.0008146879959557957,
                        "phi_0": -0.0016601916536609625
                    },
                    "value": 0.9993270308234588
                },
                "Qi": {
                    "name": "Qi",
                    "user_data": null,
                    "init_value": -238685.47889865775,
                    "min": -Infinity,
                    "max": Infinity,
                    "brute_step": null,
                    "vary": false,
                    "stderr": 247.558910082074,