{
    "fit_success": true,
    "T1": {
        "__dtype__": "UFloat",
        "nominal_value": 1.3709631117020393e-06,
        "std_dev": 1.4117758330847906e-06
    },
    "fit_msg": "Summary\n$T1$: 1.4$\\pm$1.4 \u03bcs\namplitude: -1.37$\\pm$0.79 \u03bcV\noffset: 378.93$\\pm$0.22 \u03bcV",
    "fit_result": {
        "exp_decay_func": {
            "success": true,
            "message": "Fit succeeded.",
            "params": {
                "tau": {
                    "name": "tau",
                    "user_data": null,
                    "init_value": 4.989999999999998e-06,
                    "min": 0,
                    "max": Infinity,
                    "brute_step": null,
                    "vary": true,
                    "stderr": 1.4117758330847906e-06,
                    "correl": {
                        "amplitude": 0.5507900287940786,
                        "offset": 0.6079411442270816
                    },
                    "value": 1.3709631117020393e-06
                },
                "amplitude": {
                    "name": "amplitude",
                    "user_data": null,
                    "init_value": -1.7376118924879863e-06,
                    "min": -Infinity,
                    "max": Infinity,
                    "brute_step": null,
                    "vary": true,
                    "stderr": 7.898563178108397e-07,
                    "correl": {
                        "tau": 0.5507900287940786,
                        "offset": -0.011891161486173718
                    },
                    "value": -1.374246490829024e-06
                },
                "offset": {
                    "name": "offset",
                    "user_data": null,
                    "init_value": 0.0003805852110882517,
                    "min": -Infinity,
                    "max": Infinity,
                    "brute_step": null,
                    "vary": true,
                    "stderr": 2.1881337138421794e-07,
                    "correl": {
                        "tau": 0.6079411442270816,
                        "amplitude": -0.011891161486173718
                    },
                    "value": 0.00037893350626035034
                },
                "n_factor": {
                    "name": "n_factor",
                    "user_data": null,
                    "init_value": 1,
                    "min": -Infinity,
                    "max": Infinity,
                    "brute_step": null,
                    "vary": false,
                    "stderr": 0.0,
                    "correl": null,
                    "value": 1
                }
            }
        }
    }
}